id,name,symbol,cmc_rank,price,percent_change_1h,percent_change_24h,market_cap,volume_24h,last_updated
1,Bitcoin,BTC,1,115902.43199033965,0.08478464,-0.99381023,2309158459663.4062,33323983563.48468,2025-09-20T08:35:00.000Z
1027,Ethereum,ETH,2,4479.892759999311,0.16325044,-1.24734319,540740454494.0904,27357276476.202908,2025-09-20T08:34:00.000Z
52,XRP,XRP,3,3.002024332910033,-0.01843233,-1.34986212,179452733474.19693,4113510231.146605,2025-09-20T08:35:00.000Z
825,Tether USDt,USDT,4,1.0005997141877023,0.01659168,0.01262507,171547648923.51227,98648684939.21265,2025-09-20T08:34:00.000Z
1839,BNB,BNB,5,1001.4402892210495,0.55538966,0.10050075,139387102377.757,3047624466.739218,2025-09-20T08:35:00.000Z
5426,Solana,SOL,6,238.91220429971307,-0.12791861,-2.18164161,129737313316.35767,6233128133.304625,2025-09-20T08:35:00.000Z
3408,USDC,USDC,7,1.0000545512868955,0.02117268,0.01074996,74167553759.09995,11696666627.503004,2025-09-20T08:34:00.000Z
74,Dogecoin,DOGE,8,0.26580954589002836,0.06354482,-3.61957616,40141679487.56498,2778521960.9763026,2025-09-20T08:34:00.000Z
1958,TRON,TRX,9,0.34756255786409995,0.0170431,0.13589259,32901790047.90482,809602932.2157035,2025-09-20T08:34:00.000Z
2010,Cardano,ADA,10,0.9020059261111014,0.00520032,-0.82890133,32284590360.02272,1217043789.5350778,2025-09-20T08:35:00.000Z
32196,Hyperliquid,HYPE,11,56.45028236266351,-0.05828327,-0.4825466,18850340049.850327,246441597.68116036,2025-09-20T08:34:00.000Z
1975,Chainlink,LINK,12,23.41850519333996,-0.25362765,-5.32245189,15880087679.652258,793043928.9535925,2025-09-20T08:35:00.000Z
5805,Avalanche,AVAX,13,33.79176859896403,-0.09234858,-1.87782167,14269428732.311197,1046845903.8257749,2025-09-20T08:35:00.000Z
29470,Ethena USDe,USDe,14,1.00112094402908,0.00014802,-0.01361925,14048195758.539629,154370501.21051297,2025-09-20T08:34:00.000Z
20947,Sui,SUI,15,3.666366658536175,-0.16816364,-3.69821554,13084652910.72191,1356388327.951568,2025-09-20T08:35:00.000Z
512,Stellar,XLM,16,0.3921825783997779,0.04160536,-0.2738724,12501945304.871351,186636364.98265466,2025-09-20T08:35:00.000Z
1831,Bitcoin Cash,BCH,17,603.289553560943,-0.3742898,-1.5266758,12022365535.041601,435851266.43653566,2025-09-20T08:34:00.000Z
4642,Hedera,HBAR,18,0.24318243612500537,-0.32613888,-0.93154156,10309215358.46572,218188529.36336598,2025-09-20T08:34:00.000Z
3957,UNUS SED LEO,LEO,19,9.51100571619334,0.0104639,-0.51215332,8775097326.022192,677887.98349453,2025-09-20T08:34:00.000Z
2,Litecoin,LTC,20,114.93712158988089,0.01080978,-2.17041792,8771810264.749554,486523381.1485573,2025-09-20T08:35:00.000Z
3635,Cronos,CRO,21,0.23288497081091153,0.05080133,-0.30787136,8107833577.966501,33501484.99143744,2025-09-20T08:34:00.000Z
11419,Toncoin,TON,22,3.099334899522887,0.01947297,-1.79713041,7886776088.459307,124884208.24239579,2025-09-20T08:35:00.000Z
5994,Shiba Inu,SHIB,23,1.295510087552587e-05,0.10623304,-2.01742071,7633739922.005218,180314777.37425488,2025-09-20T08:35:00.000Z
6636,Polkadot,DOT,24,4.383709722575516,-0.18494666,-5.05520018,7097058359.541565,447588979.98709345,2025-09-20T08:35:00.000Z
7083,Uniswap,UNI,25,9.194436735414763,-0.41805962,-2.08234677,5795534159.430198,237393945.2032911,2025-09-20T08:35:00.000Z
328,Monero,XMR,26,295.73925442992186,-0.81926746,-2.10816796,5455426339.018442,81193445.31445722,2025-09-20T08:35:00.000Z
27075,Mantle,MNT,27,1.6663801087300154,-0.39448498,-4.26626175,5420641269.291414,332989475.42356694,2025-09-20T08:35:00.000Z
33251,World Liberty Financial,WLFI,28,0.2204378935758456,-0.34045285,-0.4267538,5422290139.8429,972743480.6742896,2025-09-20T08:35:00.000Z
4943,Dai,DAI,29,1.0000427483462138,0.01029011,0.02462782,5365612063.902215,99618727.14530195,2025-09-20T08:34:00.000Z
30171,Ethena,ENA,30,0.6722209096654603,0.02008893,-0.70009574,4630971860.49221,413956845.26948345,2025-09-20T08:35:00.000Z
7278,Aave,AAVE,31,298.4592160985285,-0.41701978,-3.15862048,4546135074.503448,339753578.73641264,2025-09-20T08:35:00.000Z
24478,Pepe,PEPE,32,1.0742983413423475e-05,-0.22198972,-2.92694241,4519464614.172805,483399434.0097445,2025-09-20T08:35:00.000Z
3897,OKB,OKB,33,192.67142006698862,0.15449093,-0.79704583,4046099821.406761,106172917.02509438,2025-09-20T08:34:00.000Z
6535,NEAR Protocol,NEAR,34,3.128577835400443,0.43537647,-3.35727863,3910212311.034761,514027983.12966937,2025-09-20T08:35:00.000Z
11092,Bitget Token,BGB,35,5.189958298572808,0.02905588,-0.2831416,3613624724.852744,248926271.09323663,2025-09-20T08:35:00.000Z
22974,Bittensor,TAO,36,345.13984371499834,-0.22006211,-3.06324636,3421552255.346675,98899058.56750268,2025-09-20T08:35:00.000Z
35626,Story,IP,37,10.711710470881398,-0.81120892,4.88814089,3348481400.170416,251972969.68255886,2025-09-20T08:35:00.000Z
21794,Aptos,APT,38,4.712965589844848,1.44962428,1.18585315,3306870558.584442,331207235.37941724,2025-09-20T08:35:00.000Z
21159,Ondo,ONDO,39,1.0219340096137404,-0.19660302,-3.80569863,3228399423.911926,152317650.4145122,2025-09-20T08:35:00.000Z
1321,Ethereum Classic,ETC,40,20.328074935158543,0.06573705,-1.78110433,3122203179.9720297,114729748.44719334,2025-09-20T08:35:00.000Z
13502,Worldcoin,WLD,41,1.504140523709185,0.69303463,-3.28941056,3080869154.6520534,262064478.25221226,2025-09-20T08:35:00.000Z
35697,Pi,PI,42,0.355283693518774,0.03057579,-0.95786891,2898590793.2838607,25155949.24351765,2025-09-20T08:35:00.000Z
11841,Arbitrum,ARB,43,0.49357775026704975,-0.19177668,-4.10140572,2667111839.264388,334133458.1946,2025-09-20T08:35:00.000Z
36148,World Liberty Financial USD,USD1,44,1.0004867770463244,0.01470849,0.04286051,2659246972.725885,313143545.5135032,2025-09-20T08:34:00.000Z
28321,POL (prev. MATIC),POL,45,0.2523522128376369,-0.0917307,-1.8880592,2648747064.5206933,143474017.6797043,2025-09-20T08:35:00.000Z
8916,Internet Computer,ICP,46,4.771752664334219,0.13283761,-2.27482812,2567623303.6482887,60316960.01964965,2025-09-20T08:35:00.000Z
36507,Pump.fun,PUMP,47,0.006976125454687096,-0.36044055,-5.71893152,2469548410.959232,497115749.5949047,2025-09-20T08:35:00.000Z
36410,MYX Finance,MYX,48,11.726700068109983,4.07461673,-9.31439604,2311469557.1446233,214115916.44422743,2025-09-20T08:35:00.000Z
20396,Kaspa,KAS,49,0.08504729170609479,0.07308721,-1.69942825,2272328826.056001,37797548.29379363,2025-09-20T08:35:00.000Z
35491,MemeCore,M,50,2.1720503189408045,-1.10850931,-14.34466468,2257848621.9446063,31135285.97963477,2025-09-20T08:35:00.000Z
34466,Pudgy Penguins,PENGU,51,0.03518686203842403,-0.07371843,-7.12047315,2211860084.9009266,334417317.48859555,2025-09-20T08:35:00.000Z
3077,VeChain,VET,52,0.024977441791422157,0.12294476,-4.64088716,2147686360.931555,54947228.45165846,2025-09-20T08:35:00.000Z
3794,Cosmos,ATOM,53,4.480443200177922,-0.04190541,-3.81171769,2101726620.3282614,107275671.49594437,2025-09-20T08:35:00.000Z
4030,Algorand,ALGO,54,0.23627464519457048,-0.06377641,-2.39935794,2074723050.2843251,65708818.58080617,2025-09-20T08:35:00.000Z
5690,Render,RENDER,55,3.9684001520696945,0.38537342,-1.15855223,2057951269.6465158,56048848.46543609,2025-09-20T08:35:00.000Z
2087,KuCoin Token,KCS,56,15.803384028840075,0.7647786,0.00468798,2012711842.604557,2962720.93387228,2025-09-20T08:34:00.000Z
23149,Sei,SEI,57,0.32189720381739584,0.33448813,-4.02264394,1972514532.0306778,151235237.7570674,2025-09-20T08:34:00.000Z
23095,Bonk,BONK,58,2.3571449316318945e-05,-0.20799798,-4.53752773,1914406692.6462975,274642124.48408544,2025-09-20T08:35:00.000Z
36341,Aster,ASTER,59,1.069888930666826,15.64675196,64.41981149,1773554880.3663974,759337106.9268245,2025-09-20T08:35:00.000Z
7950,Flare,FLR,60,0.023092541923530118,-0.19993996,-2.32177963,1710568227.6842577,5253134.95406207,2025-09-20T08:34:00.000Z
2280,Filecoin,FIL,61,2.4689246972719205,0.13280447,-3.22331336,1703471720.1034346,132477979.4753663,2025-09-20T08:35:00.000Z
35336,OFFICIAL TRUMP,TRUMP,62,8.466873153826969,-0.01159171,-0.89868542,1693368407.9783869,220202590.23495245,2025-09-20T08:35:00.000Z
33038,Sky,SKY,63,0.07077494333164153,-0.25414655,-6.08641361,1657744270.6973648,40378385.8746313,2025-09-20T08:35:00.000Z
29210,Jupiter,JUP,64,0.5309799441383148,0.73728471,-2.02334963,1652273891.2708433,44095222.58167053,2025-09-20T08:35:00.000Z
10603,Immutable,IMX,65,0.8339903116925125,-0.11816385,-3.90190121,1617889572.6683786,140014022.83140448,2025-09-20T08:34:00.000Z
3773,Artificial Superintelligence Alliance,FET,66,0.6484826241265248,0.25527507,-3.10878771,1538598826.2336328,72501748.61979833,2025-09-20T08:35:00.000Z
11840,Optimism,OP,67,0.8043826484511627,-0.15415208,-3.07869261,1430702641.2545183,153961145.12919453,2025-09-20T08:35:00.000Z
27772,PayPal USD,PYUSD,68,0.9996241640396402,0.02064302,-0.00187791,1391061922.4178104,48674324.39141584,2025-09-20T08:35:00.000Z
7226,Injective,INJ,69,13.914098869652182,0.16148881,-3.53331899,1391005479.3863523,79914098.47669628,2025-09-20T08:35:00.000Z
4269,GateToken,GT,70,16.693958244308945,-0.04633878,-2.48670711,1375026753.4496264,11252489.28827242,2025-09-20T08:35:00.000Z
22861,Celestia,TIA,71,1.7259978986363445,0.25940449,-4.26510219,1359171880.1613436,87515276.04949744,2025-09-20T08:35:00.000Z
2634,XDC Network,XDC,72,0.07641039009374796,-0.05046459,-2.18241383,1355917483.7894318,35018441.48903204,2025-09-20T08:34:00.000Z
3155,Quant,QNT,73,99.04936776655617,-0.19749662,-0.40640039,1195797066.1112778,19463649.85230026,2025-09-20T08:35:00.000Z
4847,Stacks,STX,74,0.6563227358253204,-0.21081895,-3.44603085,1181126998.0621374,27250255.16565834,2025-09-20T08:34:00.000Z
28081,SPX6900,SPX,75,1.256270635553039,-0.26917765,-7.81854373,1169579280.9577267,31737997.66666438,2025-09-20T08:35:00.000Z
26081,First Digital USD,FDUSD,76,0.9981255815497782,0.01650505,0.00833313,1147235016.9940934,4558248302.758326,2025-09-20T08:35:00.000Z
29270,Aerodrome Finance,AERO,77,1.2579050956101112,-0.03447726,-1.99761519,1128471503.385871,46205716.98035309,2025-09-20T08:34:00.000Z
8000,Lido DAO,LDO,78,1.2586579807325124,0.24312788,-4.11765901,1127507767.6263404,81481924.62666364,2025-09-20T08:35:00.000Z
6538,Curve DAO Token,CRV,79,0.7792889280212479,0.0547692,-2.16847873,1084386220.9761064,145880810.84760755,2025-09-20T08:35:00.000Z
4705,PAX Gold,PAXG,80,3686.741022361932,-0.01878881,0.71003832,1071287513.9497918,79834549.40273511,2025-09-20T08:35:00.000Z
28177,Pyth Network,PYTH,81,0.17455705808983674,1.30267002,2.6233097,1003700198.5033861,78755579.52600248,2025-09-20T08:35:00.000Z
6719,The Graph,GRT,82,0.09372321726365927,0.01514358,-3.24483822,984754579.9887098,36407111.42434039,2025-09-20T08:35:00.000Z
7186,PancakeSwap,CAKE,83,2.845382421836953,1.32274299,4.32158504,983311890.958214,151001691.5522344,2025-09-20T08:35:00.000Z
32880,Kaia,KAIA,84,0.15760658059530086,-0.00021964,-0.85102112,965086467.863624,20675390.86364409,2025-09-20T08:35:00.000Z
10804,FLOKI,FLOKI,85,9.699578903335392e-05,0.24200282,-2.82072935,925275569.2621188,65278101.93243546,2025-09-20T08:35:00.000Z
7334,Conflux,CFX,86,0.1784184963776132,0.22970776,-1.07789366,916567203.6858286,49155649.9741807,2025-09-20T08:35:00.000Z
5176,Tether Gold,XAUt,87,3685.3456801671728,-0.03453982,0.88227037,908526158.457532,41696733.79471346,2025-09-20T08:35:00.000Z
28752,dogwifhat,WIF,88,0.8948416375668844,-0.11827062,-5.50877142,893803590.5469612,184119663.94344363,2025-09-20T08:35:00.000Z
9481,Pendle,PENDLE,89,5.1667408286809415,0.27791044,0.58347929,879908146.5369217,92949883.11505629,2025-09-20T08:35:00.000Z
13855,Ethereum Name Service,ENS,90,23.3245583867126,0.01872429,-2.64726052,862985791.1091343,51682571.91630536,2025-09-20T08:34:00.000Z
8526,Raydium,RAY,91,3.167600775417556,-0.08359991,-2.72149928,849319577.7370069,56868964.14581496,2025-09-20T08:34:00.000Z
32684,Sonic,S,92,0.2948189089484894,0.40191887,-4.59250683,849078457.7716495,69785028.68925476,2025-09-20T08:35:00.000Z
29420,Virtuals Protocol,VIRTUAL,93,1.2826553433599142,-0.10130054,-3.08629941,840911772.1174192,79214870.91218795,2025-09-20T08:35:00.000Z
2694,Nexo,NEXO,94,1.2975224381285348,-0.42043205,0.53604837,838388725.1515541,13205687.21463593,2025-09-20T08:35:00.000Z
2416,Theta Network,THETA,95,0.8259311949937634,0.13336223,-2.43624201,825931194.9937634,27070776.29377357,2025-09-20T08:35:00.000Z
1437,Zcash,ZEC,96,50.429397874434486,0.22306488,2.66346523,818157652.3707502,97784673.8029672,2025-09-20T08:35:00.000Z
2011,Tezos,XTZ,97,0.7609183345440973,-0.04086846,-3.87834622,805861165.6064204,27175829.34687937,2025-09-20T08:34:00.000Z
7080,Gala,GALA,98,0.017506727882651313,0.43466728,-3.74244369,805811809.8726983,88145254.03525025,2025-09-20T08:34:00.000Z
33597,Fartcoin,FARTCOIN,99,0.7815975115341124,-0.830591,-14.59801662,781596148.4280523,174270852.46673167,2025-09-20T08:35:00.000Z
29814,ether.fi,ETHFI,100,1.5126386491294452,0.68747228,-5.00070368,775277583.2496217,103885276.82230392,2025-09-20T08:34:00.000Z
6210,The Sandbox,SAND,101,0.3005734851617635,0.09018731,-3.45154053,773462500.8356632,55908074.15574513,2025-09-20T08:35:00.000Z
1720,IOTA,IOTA,102,0.18841001129960364,-0.01247701,-1.80873025,761678362.3841004,17471967.34827505,2025-09-20T08:35:00.000Z
30083,Aethir,ATH,103,0.06151822075303227,-2.4706487,-1.93816892,751147342.5480235,110657392.33628453,2025-09-20T08:35:00.000Z
36462,Vaulta,A,104,0.4712201942981277,-0.08700229,-1.89637202,750164268.7636149,32930265.22967407,2025-09-20T08:35:00.000Z
34387,Ripple USD,RLUSD,105,0.9999104854276464,0.01632968,0.01000384,729885480.224376,79924322.53246158,2025-09-20T08:35:00.000Z
7326,DeXe,DEXE,106,8.626458690077802,-0.49977481,5.61294141,722324850.7412322,86444551.3890881,2025-09-20T08:35:00.000Z
8425,JasmyCoin,JASMY,107,0.014370896819522467,0.11851763,-0.64061711,710568988.6019257,27879412.13473949,2025-09-20T08:34:00.000Z
28541,Jito,JTO,108,1.8696131022430929,0.14517872,-5.27404834,709401732.797246,38227105.09064035,2025-09-20T08:35:00.000Z
34104,Morpho,MORPHO,109,2.0833099868798,-0.35591275,-5.62957624,705827623.9506146,29991889.14206956,2025-09-20T08:35:00.000Z
3871,AB,AB,110,0.008445768456508367,0.02685156,-0.50617149,660536584.2038295,26737613.2746989,2025-09-20T08:35:00.000Z
1966,Decentraland,MANA,111,0.32844174336479426,-0.02145568,-2.0249955,646941230.1217254,38732624.27810287,2025-09-20T08:34:00.000Z
16086,BitTorrent [New],BTT,112,6.547635772751937e-07,1.2325744,1.46857018,645636921.309115,14568647.72088039,2025-09-20T08:35:00.000Z
4558,Flow,FLOW,113,0.3993015137587004,0.072191,-3.43763354,642818808.6064494,17541699.897131,2025-09-20T08:35:00.000Z
10529,Sun [New],SUN,114,0.03303578311098327,3.81570092,43.26806275,633165265.6826026,387583078.79529685,2025-09-20T08:35:00.000Z
30494,EigenLayer,EIGEN,115,1.8658061755951345,0.37611843,-2.48778078,631021864.6236755,131581717.15648636,2025-09-20T08:35:00.000Z
36119,Walrus,WAL,116,0.42280738121735784,-0.12144099,-2.70220755,611485175.0856037,12645010.70137931,2025-09-20T08:35:00.000Z
23635,Four,FORM,117,1.597337346032725,-1.06108018,-13.52263301,609970827.8694352,53398559.06064125,2025-09-20T08:35:00.000Z
29587,Wormhole,W,118,0.12532838288656492,0.3571547,10.61770619,597536409.278622,242070943.67829335,2025-09-20T08:35:00.000Z
22691,Starknet,STRK,119,0.13077755993789558,0.50211155,-1.87482842,533197118.61866486,35044330.72494263,2025-09-20T08:35:00.000Z
19891,USDD,USDD,120,1.0007298984413127,0.00611629,0.03603142,532050184.3563425,3825773.47565519,2025-09-20T08:35:00.000Z
28324,dYdX,DYDX,121,0.6743035943008802,-0.03604023,-1.12184233,527774693.88376844,17215141.56876192,2025-09-20T08:35:00.000Z
29743,Brett (Based),BRETT,122,0.05301771586937765,0.06880422,-2.61251351,525418097.3884755,50437403.64615555,2025-09-20T08:35:00.000Z
3602,Bitcoin SV,BSV,123,25.81005582345442,0.10848376,-1.64160836,514197933.5114905,39727809.27832667,2025-09-20T08:35:00.000Z
33824,Maple Finance,SYRUP,124,0.4280858417715929,-0.29154395,-1.94743838,511478643.1792774,25728257.5077733,2025-09-20T08:34:00.000Z
36532,BUILDon,B,125,0.49312621721007016,-0.38658245,0.88056901,493126217.21007013,13187943.29296503,2025-09-20T08:35:00.000Z
2563,TrueUSD,TUSD,126,0.9970134623722766,0.00606604,0.09877252,493038195.09714377,46727730.94173595,2025-09-20T08:34:00.000Z
26997,LayerZero,ZRO,127,1.993957464769061,0.27993908,-1.30875203,490542487.8358132,29194852.8263957,2025-09-20T08:35:00.000Z
5964,Trust Wallet Token,TWT,128,1.1390146884700678,-2.05600862,4.97059613,489617441.1022546,328058845.53886145,2025-09-20T08:35:00.000Z
5665,Helium,HNT,129,2.5528496469719473,0.3382151,-1.40890005,475490411.8522451,4112856.69860265,2025-09-20T08:35:00.000Z
33391,DeepBook Protocol,DEEP,130,0.1332904202718784,-0.11165282,-3.46337489,469582150.6178276,21364132.15740681,2025-09-20T08:35:00.000Z
1376,Neo,NEO,131,6.656403119538841,0.21025781,-1.90248597,469534894.71702313,19990653.76210702,2025-09-20T08:35:00.000Z
23254,Core,CORE,132,0.45118603139795077,-0.0373022,-1.55178724,456639689.6034982,18243636.97782664,2025-09-20T08:35:00.000Z
24091,ZKsync,ZK,133,0.055815927940665346,0.40073524,-2.36460663,450493181.12709665,22613907.9115907,2025-09-20T08:35:00.000Z
4157,THORChain,RUNE,134,1.276809006910331,-0.01190106,-3.89792169,448538544.2337382,34720263.73704689,2025-09-20T08:35:00.000Z
18876,ApeCoin,APE,135,0.5937263738889101,0.31035756,-1.65180092,446869054.80294466,27721995.76474819,2025-09-20T08:35:00.000Z
5632,Arweave,AR,136,6.797127452860772,0.14796505,-3.11878896,446248178.99660844,42320407.7240956,2025-09-20T08:35:00.000Z
3964,Reserve Rights,RSR,137,0.0073964594254458,0.06284234,-2.86566207,443706215.75266874,14612394.76319647,2025-09-20T08:35:00.000Z
9816,APENFT,NFT,138,4.409571545785098e-07,-0.00142719,0.00132056,440952745.006964,13825096.25265566,2025-09-20T08:35:00.000Z
27657,Linea,LINEA,139,0.027978309141421895,-1.70042268,-4.63465291,433164318.72050035,602933333.1144868,2025-09-20T08:34:00.000Z
18679,Onyxcoin,XCN,140,0.012283511831615376,0.15303147,-1.86139456,430552493.5188069,23691028.4260494,2025-09-20T08:34:00.000Z
4066,Chiliz,CHZ,141,0.042292453929665304,0.17102246,-1.51661039,422729317.8791156,28609575.06154279,2025-09-20T08:35:00.000Z
5692,Compound,COMP,142,44.372941093358484,0.10766411,-2.02263535,420144249.40191,18913624.65365803,2025-09-20T08:35:00.000Z
6783,Axie Infinity,AXS,143,2.4476313755278283,-0.15876004,-3.77288401,407384168.5073674,30721556.04714052,2025-09-20T08:34:00.000Z
6892,MultiversX,EGLD,144,14.198860433940897,0.34296839,-2.893701,406439575.7904701,17528104.14465055,2025-09-20T08:34:00.000Z
28298,Beam,BEAM,145,0.008146729220417502,0.88007397,-5.78302808,402986141.57273954,25263010.56681385,2025-09-20T08:35:00.000Z
9104,AIOZ Network,AIOZ,146,0.32908606409726937,0.69158729,-3.23219985,396349123.5278921,8291175.29653946,2025-09-20T08:35:00.000Z
10791,eCash,XEC,147,1.972986003125926e-05,0.05829008,-2.48901151,393070818.2062608,7381963.02689591,2025-09-20T08:35:00.000Z
1659,Gnosis,GNO,148,146.11841019677743,0.10878784,-1.79472212,385617697.47821176,7248423.82947573,2025-09-20T08:35:00.000Z
8290,SuperVerse,SUPER,149,0.5995348670529046,-0.1197566,-1.0821793,376755278.03509367,9167102.52542572,2025-09-20T08:35:00.000Z
30636,Zebec Network,ZBCN,150,0.004074830559300082,-0.17163863,-0.43905517,374702016.4098028,11781203.74643808,2025-09-20T08:35:00.000Z
9903,Convex Finance,CVX,151,3.8129176759470185,-0.62350995,-2.09928963,369026290.0326664,18050418.98157031,2025-09-20T08:35:00.000Z
4846,Kava,KAVA,152,0.33725538244109976,0.23986486,-1.90025813,365198025.2386028,11230354.58933965,2025-09-20T08:35:00.000Z
8104,1inch,1INCH,153,0.25754371943354043,0.21353815,-2.70749368,359952863.8874717,16976474.3436569,2025-09-20T08:35:00.000Z
7548,WEMIX,WEMIX,154,0.7805659601059335,0.80210602,2.56408554,355886185.5046118,2613401.22971138,2025-09-20T08:35:00.000Z
32452,Movement,MOVE,155,0.1288690278806776,0.32088348,-1.49610507,354389826.67186344,23919340.46695053,2025-09-20T08:35:00.000Z
5488,JUST,JST,156,0.0353815223094255,3.64254737,6.02422319,350277070.8633124,57259755.36147771,2025-09-20T08:35:00.000Z
27659,Mog Coin,MOG,157,8.920914384407886e-07,-0.15660042,-4.85032061,348421946.464069,14542517.31653085,2025-09-20T08:35:00.000Z
17799,Axelar,AXL,158,0.330175960560411,0.44198986,-3.85973774,343065544.6844363,10980195.49405732,2025-09-20T08:35:00.000Z
14101,Ronin,RON,159,0.4938447888479754,-0.0380806,-1.52100193,342294253.13458574,3693910.02516302,2025-09-20T08:35:00.000Z
27750,Toshi,TOSHI,160,0.000800939154894575,-0.85087939,-3.5671975,336938209.07377595,43870099.49156209,2025-09-20T08:34:00.000Z
4172,Terra Classic,LUNC,161,6.0104120095907285e-05,0.11224048,-2.07959161,330771761.1288398,8910655.21891577,2025-09-20T08:35:00.000Z
4195,FTX Token,FTT,162,0.9886784710804866,-4.45657098,3.3345004,325171508.3838994,56634266.14434223,2025-09-20T08:35:00.000Z
24647,Berachain,BERA,163,2.582983442699333,0.6642202,-2.85786249,325848541.42059904,63240904.97269314,2025-09-20T08:35:00.000Z
34812,Bio Protocol,BIO,164,0.1878220723245213,-0.52225892,8.69301895,313998848.89360756,212949000.29068643,2025-09-20T08:34:00.000Z
35364,Plume,PLUME,165,0.11851504160859688,1.11697313,3.48925892,314064860.26278174,39652129.16556677,2025-09-20T08:35:00.000Z
31278,Drift,DRIFT,166,0.8534909739775361,0.78580139,-7.91108212,313594590.52193266,64144259.62357654,2025-09-20T08:35:00.000Z
25264,Snek,SNEK,167,0.004199747534175008,0.17655228,-0.98315427,313453956.64872146,3745152.91036543,2025-09-20T08:34:00.000Z
3640,Livepeer,LPT,168,6.852456174048186,0.37378708,-1.82816559,305770575.3760209,15542816.17485032,2025-09-20T08:34:00.000Z
38299,Avantis,AVNT,169,1.1803514339788999,1.05964033,15.61106169,304773708.04099977,920397289.2415531,2025-09-20T08:35:00.000Z
5198,Creditcoin,CTC,170,0.6152371835968404,0.02442127,-0.84811858,299261242.50401145,6575920.87620781,2025-09-20T08:35:00.000Z
1168,Decred,DCR,171,17.121608518029362,0.03240851,-0.54524448,291506129.01806426,4519687.63439805,2025-09-20T08:34:00.000Z
131,Dash,DASH,172,23.28657360421176,-0.09928305,-2.74810362,289090584.7935335,31188970.05278943,2025-09-20T08:35:00.000Z
7431,Akash Network,AKT,173,1.158674711975151,-0.11690304,-0.76005977,287682471.61651903,7310423.70182378,2025-09-20T08:35:00.000Z
6945,Amp,AMP,174,0.003399990051079726,0.0666809,-0.9234473,286558008.4736895,6935926.7951479,2025-09-20T08:35:00.000Z
24911,Turbo,TURBO,175,0.004125890883710715,0.29663486,-4.01184115,284686470.97603935,22077545.84291201,2025-09-20T08:35:00.000Z
21585,Safe,SAFE,176,0.4416917176691498,3.3458762,0.62996865,279936154.20177686,16193296.72241236,2025-09-20T08:35:00.000Z
35763,KAITO,KAITO,177,1.158834485676417,-0.26943648,0.43687718,279729769.0323167,55176037.9705774,2025-09-20T08:35:00.000Z
30126,cat in a dogs world,MEW,178,0.0031091462672837257,0.25018375,-2.52183334,276368557.089123,24205625.59318361,2025-09-20T08:35:00.000Z
5034,Kusama,KSM,179,15.98622984802592,0.6871161,-2.00189904,272877881.1999425,12152360.25719186,2025-09-20T08:35:00.000Z
28782,Popcat (SOL),POPCAT,180,0.26664301517619055,-0.34989775,-5.54180311,261303004.73355758,25171126.3849873,2025-09-20T08:35:00.000Z
20641,EURC,EURC,181,1.1736914374477083,-0.04526828,-0.2637883,260491197.700737,41426444.96159283,2025-09-20T08:34:00.000Z
7127,Velo,VELO,182,0.014649718940672234,0.29151446,-3.2306521,257305848.59353614,55776969.0050964,2025-09-20T08:34:00.000Z
4041,MX Token,MX,183,2.7375411418434967,-0.09689474,-0.68430582,255892572.57256222,11337831.8941765,2025-09-20T08:35:00.000Z
1684,Qtum,QTUM,184,2.4151744773892836,0.15085139,-1.48147838,255565172.4217179,47939117.76633172,2025-09-20T08:35:00.000Z
31526,Moca Network,MOCA,185,0.06894265963385417,0.32866492,-0.71847447,249923099.06516936,7040152.4845667,2025-09-20T08:35:00.000Z
2777,IoTeX,IOTX,186,0.025747319536355475,0.03600128,-2.1134938,243089943.96294725,6167059.46722576,2025-09-20T08:34:00.000Z
3822,Theta Fuel,TFUEL,187,0.0341892871208641,0.12080941,-2.17684875,241889545.29851675,1763968.81479089,2025-09-20T08:35:00.000Z
6953,Frax (prev. FXS),FRAX,188,2.674469861085125,-0.09948943,-2.91941451,240886916.43772656,7940165.38727073,2025-09-20T08:35:00.000Z
33788,Peanut the Squirrel,PNUT,189,0.24081753635414807,-0.1389174,-2.81420703,240781855.89456174,44864769.93139961,2025-09-20T08:35:00.000Z
1455,Golem,GLM,190,0.2403519529610427,0.19026137,-1.94474554,240351952.9610427,9058259.2293932,2025-09-20T08:35:00.000Z
30933,Dog (Bitcoin),DOG,191,0.0023992568905204393,-0.01009079,-3.41347586,239925689.0520439,7755420.57261375,2025-09-20T08:35:00.000Z
4948,Nervos Network,CKB,192,0.005039197057662881,0.26132405,-1.72446718,238330985.04684526,8825867.43589218,2025-09-20T08:35:00.000Z
2469,Zilliqa,ZIL,193,0.01203732742449803,0.16733648,-0.73849173,235125782.53606263,16135877.96139514,2025-09-20T08:34:00.000Z
8119,SafePal,SFP,194,0.4692622456880061,0.27475168,-3.47059925,234631122.84400305,8042946.29845808,2025-09-20T08:34:00.000Z
1697,Basic Attention Token,BAT,195,0.15677062950689785,0.09605676,-2.94828605,234481212.39944494,9279374.72560005,2025-09-20T08:35:00.000Z
2586,Synthetix,SNX,196,0.6807787699955187,-0.4741406,-3.92781275,233824508.74318376,12698384.34753842,2025-09-20T08:35:00.000Z
30986,Kamino Finance,KMNO,197,0.08283250509228178,-0.21733739,-14.07405133,233576325.37719628,81299788.47643091,2025-09-20T08:35:00.000Z
33280,Cheems (cheems.pet),CHEEMS,198,1.2295811872670573e-06,-0.07934276,-1.33024463,230540367.46581206,3728042.74252304,2025-09-20T08:35:00.000Z
8646,Mina,MINA,199,0.1832186928999098,0.2680024,-3.1724339,229535053.03167477,8560929.40849558,2025-09-20T08:34:00.000Z
6536,MANTRA,OM,200,0.21181455324974774,-0.20261901,-1.31577124,226926195.80989575,34284405.69904468,2025-09-20T08:35:00.000Z
